{
  "mean": [1979.2092576847613, 1994.687813385655, 794.956158709396, 0.11166263352954, 2.8583682145192935, 3.0212150643121864],
  "std": [15.894455148700093, 16.518165204527374, 349.82166561579476, 0.08879824480864425, 0.19250391692235927, 1.3366568755160808]}