{"mean": [1978.676953883495, 1991.1837725381415, 1005.7367718446602, 0.155622746185853, 2.945110957004161, 2.6004308252427184], "std": [8.03205000729257, 8.688087891178885, 472.78340425247836, 0.13040605333925598, 0.23307438742624387, 1.4473462312476135]}