{"mean": [1981.0876091954026, 1993.8126436781608, 586.8385402298851, 0.07427701149425286, 2.7207241379310343, 4.057649425287357], "std": [9.218578132759985, 11.196698041563605, 334.1660098793318, 0.08844059139988147, 0.1850878753491658, 1.302342990326931]}