{"mean": [1978.30553447707, 1990.016578686902, 869.3913337182449, 0.12253150775321676, 2.882650115473441, 2.9551963873309144], "std": [9.012733149743646, 9.504369047274915, 428.54064822232834, 0.11379881945842772, 0.2254621617695351, 1.48001903436475]}