{"mean": [1978.6934066383258, 1997.1571288423806, 812.8893394375409, 0.11711429038587311, 2.8688930673642905, 2.9552467298888163], "std": [21.409976483644204, 21.102799708181426, 345.11927310529404, 0.08742529943256222, 0.19275429809802166, 1.3436509617744008]}