{"mean": [1978.1606045859453, 1990.294292312768, 963.0943970636754, 0.11036291652919829, 2.928775156713956, 2.700109782250083], "std": [9.379873655747621, 9.82944276078082, 436.42765172962396, 0.10961472719011803, 0.23025288248834916, 1.5362585508665232]}